{
    "utterances": [
        {
            "text": "A one",
            "entities": [
                {
                    "entity": "grid_location:grid_location",
                    "start": 0,
                    "end": 5,
                    "body": "A one",
                    "entities": []
                }
            ],
            "traits": [],
            "intent": "GridSystem"
        },
        {
            "text": "A one.",
            "entities": [
                {
                    "entity": "grid_location:grid_location",
                    "start": 0,
                    "end": 5,
                    "body": "A one",
                    "entities": []
                }
            ],
            "traits": [],
            "intent": "GridSystem"
        },
        {
            "text": "A two",
            "entities": [
                {
                    "entity": "grid_location:grid_location",
                    "start": 0,
                    "end": 5,
                    "body": "A two",
                    "entities": []
                }
            ],
            "traits": [],
            "intent": "GridSystem"
        },
        {
            "text": "A two.",
            "entities": [
                {
                    "entity": "grid_location:grid_location",
                    "start": 0,
                    "end": 5,
                    "body": "A two",
                    "entities": []
                }
            ],
            "traits": [],
            "intent": "GridSystem"
        },
        {
            "text": "A1",
            "entities": [
                {
                    "entity": "grid_location:grid_location",
                    "start": 0,
                    "end": 2,
                    "body": "A1",
                    "entities": []
                }
            ],
            "traits": [],
            "intent": "GridSystem"
        },
        {
            "text": "A2",
            "entities": [
                {
                    "entity": "grid_location:grid_location",
                    "start": 0,
                    "end": 2,
                    "body": "A2",
                    "entities": []
                }
            ],
            "traits": [],
            "intent": "GridSystem"
        },
        {
            "text": "A3",
            "entities": [
                {
                    "entity": "grid_location:grid_location",
                    "start": 0,
                    "end": 2,
                    "body": "A3",
                    "entities": []
                }
            ],
            "traits": [],
            "intent": "GridSystem"
        },
        {
            "text": "B 3",
            "entities": [],
            "traits": [],
            "intent": "GridSystem"
        },
        {
            "text": "B one",
            "entities": [],
            "traits": [],
            "intent": "GridSystem"
        },
        {
            "text": "B one.",
            "entities": [],
            "traits": [],
            "intent": "GridSystem"
        },
        {
            "text": "B three",
            "entities": [],
            "traits": []
        },
        {
            "text": "B three.",
            "entities": [
                {
                    "entity": "grid_location:grid_location",
                    "start": 0,
                    "end": 7,
                    "body": "B three",
                    "entities": []
                }
            ],
            "traits": [],
            "intent": "GridSystem"
        },
        {
            "text": "B two.",
            "entities": [
                {
                    "entity": "grid_location:grid_location",
                    "start": 0,
                    "end": 5,
                    "body": "B two",
                    "entities": []
                }
            ],
            "traits": [],
            "intent": "GridSystem"
        },
        {
            "text": "B2",
            "entities": [
                {
                    "entity": "grid_location:grid_location",
                    "start": 0,
                    "end": 2,
                    "body": "B2",
                    "entities": []
                }
            ],
            "traits": [],
            "intent": "GridSystem"
        },
        {
            "text": "B2.",
            "entities": [
                {
                    "entity": "grid_location:grid_location",
                    "start": 0,
                    "end": 2,
                    "body": "B2",
                    "entities": []
                }
            ],
            "traits": [],
            "intent": "GridSystem"
        },
        {
            "text": "B3",
            "entities": [
                {
                    "entity": "grid_location:grid_location",
                    "start": 0,
                    "end": 2,
                    "body": "B3",
                    "entities": []
                }
            ],
            "traits": [],
            "intent": "GridSystem"
        },
        {
            "text": "C one.",
            "entities": [
                {
                    "entity": "grid_location:grid_location",
                    "start": 0,
                    "end": 5,
                    "body": "C one",
                    "entities": []
                }
            ],
            "traits": [],
            "intent": "GridSystem"
        },
        {
            "text": "C1",
            "entities": [
                {
                    "entity": "grid_location:grid_location",
                    "start": 0,
                    "end": 2,
                    "body": "C1",
                    "entities": []
                }
            ],
            "traits": [],
            "intent": "GridSystem"
        },
        {
            "text": "C3",
            "entities": [
                {
                    "entity": "grid_location:grid_location",
                    "start": 0,
                    "end": 2,
                    "body": "C3",
                    "entities": []
                }
            ],
            "traits": [],
            "intent": "GridSystem"
        },
        {
            "text": "Hey Oppy",
            "entities": [],
            "traits": [
                {
                    "trait": "wit$greetings",
                    "value": "true"
                }
            ],
            "intent": "Oppy_Action"
        },
        {
            "text": "Hey Oppy jump",
            "entities": [
                {
                    "entity": "Action:Action",
                    "start": 9,
                    "end": 13,
                    "body": "jump",
                    "entities": []
                }
            ],
            "traits": [
                {
                    "trait": "wit$greetings",
                    "value": "true"
                }
            ],
            "intent": "Oppy_Action"
        },
        {
            "text": "Hi Oppy",
            "entities": [],
            "traits": [],
            "intent": "Oppy_Action"
        },
        {
            "text": "Hi oppy, Jump or hop for me",
            "entities": [
                {
                    "entity": "Action:Action",
                    "start": 9,
                    "end": 13,
                    "body": "Jump",
                    "entities": []
                },
                {
                    "entity": "Action:Action",
                    "start": 17,
                    "end": 20,
                    "body": "hop",
                    "entities": []
                }
            ],
            "traits": [
                {
                    "trait": "wit$greetings",
                    "value": "true"
                }
            ],
            "intent": "Oppy_Action"
        },
        {
            "text": "Hi oppy, jump for me",
            "entities": [
                {
                    "entity": "Action:Action",
                    "start": 9,
                    "end": 13,
                    "body": "jump",
                    "entities": []
                }
            ],
            "traits": [
                {
                    "trait": "wit$greetings",
                    "value": "true"
                }
            ],
            "intent": "Oppy_Action"
        },
        {
            "text": "Hi oppy, jump or hop for me",
            "entities": [
                {
                    "entity": "Action:Action",
                    "start": 9,
                    "end": 13,
                    "body": "jump",
                    "entities": []
                }
            ],
            "traits": [
                {
                    "trait": "wit$greetings",
                    "value": "true"
                }
            ],
            "intent": "Oppy_Action"
        },
        {
            "text": "Hi, how are you",
            "entities": [],
            "traits": []
        },
        {
            "text": "How are you today?",
            "entities": [],
            "traits": [
                {
                    "trait": "wit$greetings",
                    "value": "true"
                }
            ],
            "intent": "Oppy_Action"
        },
        {
            "text": "How are you?",
            "entities": [],
            "traits": [
                {
                    "trait": "wit$greetings",
                    "value": "true"
                }
            ],
            "intent": "Oppy_Action"
        },
        {
            "text": "I would like the sphere to be orange",
            "entities": [],
            "traits": []
        },
        {
            "text": "Jump Oppy",
            "entities": [
                {
                    "entity": "Action:Action",
                    "start": 0,
                    "end": 4,
                    "body": "Jump",
                    "entities": []
                },
                {
                    "entity": "teleport_location:teleport_location",
                    "start": 5,
                    "end": 9,
                    "body": "Oppy",
                    "entities": []
                }
            ],
            "traits": [],
            "intent": "Oppy_Action"
        },
        {
            "text": "Jump for me",
            "entities": [
                {
                    "entity": "Action:Action",
                    "start": 0,
                    "end": 4,
                    "body": "Jump",
                    "entities": []
                }
            ],
            "traits": [],
            "intent": "Oppy_Action"
        },
        {
            "text": "Jump for me.",
            "entities": [
                {
                    "entity": "Action:Action",
                    "start": 0,
                    "end": 4,
                    "body": "Jump",
                    "entities": []
                }
            ],
            "traits": [],
            "intent": "Oppy_Action"
        },
        {
            "text": "Oppy",
            "entities": [],
            "traits": [],
            "intent": "Oppy_Action"
        },
        {
            "text": "Place it C2",
            "entities": [
                {
                    "entity": "grid_location:grid_location",
                    "start": 9,
                    "end": 11,
                    "body": "C2",
                    "entities": []
                }
            ],
            "traits": [],
            "intent": "GridSystem"
        },
        {
            "text": "Place it on A one",
            "entities": [
                {
                    "entity": "grid_location:grid_location",
                    "start": 12,
                    "end": 17,
                    "body": "A one",
                    "entities": []
                }
            ],
            "traits": [],
            "intent": "GridSystem"
        },
        {
            "text": "Place it on A two",
            "entities": [
                {
                    "entity": "grid_location:grid_location",
                    "start": 12,
                    "end": 17,
                    "body": "A two",
                    "entities": []
                }
            ],
            "traits": [],
            "intent": "GridSystem"
        },
        {
            "text": "Place it on A1",
            "entities": [
                {
                    "entity": "grid_location:grid_location",
                    "start": 12,
                    "end": 14,
                    "body": "A1",
                    "entities": []
                }
            ],
            "traits": [],
            "intent": "GridSystem"
        },
        {
            "text": "Place it on B two",
            "entities": [
                {
                    "entity": "grid_location:grid_location",
                    "start": 14,
                    "end": 17,
                    "body": "two",
                    "entities": []
                }
            ],
            "traits": [],
            "intent": "GridSystem"
        },
        {
            "text": "Place it on B two.",
            "entities": [
                {
                    "entity": "grid_location:grid_location",
                    "start": 12,
                    "end": 17,
                    "body": "B two",
                    "entities": []
                }
            ],
            "traits": [],
            "intent": "GridSystem"
        },
        {
            "text": "Place it on B2",
            "entities": [
                {
                    "entity": "grid_location:grid_location",
                    "start": 12,
                    "end": 14,
                    "body": "B2",
                    "entities": []
                }
            ],
            "traits": [],
            "intent": "GridSystem"
        },
        {
            "text": "Place it on C two",
            "entities": [
                {
                    "entity": "grid_location:grid_location",
                    "start": 12,
                    "end": 17,
                    "body": "C two",
                    "entities": []
                }
            ],
            "traits": [],
            "intent": "GridSystem"
        },
        {
            "text": "Place it on C two.",
            "entities": [
                {
                    "entity": "grid_location:grid_location",
                    "start": 14,
                    "end": 17,
                    "body": "two",
                    "entities": []
                }
            ],
            "traits": [],
            "intent": "GridSystem"
        },
        {
            "text": "Place it on C2",
            "entities": [
                {
                    "entity": "grid_location:grid_location",
                    "start": 12,
                    "end": 14,
                    "body": "C2",
                    "entities": []
                }
            ],
            "traits": [],
            "intent": "GridSystem"
        },
        {
            "text": "Place it on C2.",
            "entities": [
                {
                    "entity": "grid_location:grid_location",
                    "start": 12,
                    "end": 14,
                    "body": "C2",
                    "entities": []
                }
            ],
            "traits": [],
            "intent": "GridSystem"
        },
        {
            "text": "Place it on a one",
            "entities": [
                {
                    "entity": "grid_location:grid_location",
                    "start": 12,
                    "end": 17,
                    "body": "a one",
                    "entities": []
                }
            ],
            "traits": [],
            "intent": "GridSystem"
        },
        {
            "text": "Place it on a one.",
            "entities": [
                {
                    "entity": "grid_location:grid_location",
                    "start": 12,
                    "end": 17,
                    "body": "a one",
                    "entities": []
                }
            ],
            "traits": [],
            "intent": "GridSystem"
        },
        {
            "text": "Place it on a three.",
            "entities": [
                {
                    "entity": "grid_location:grid_location",
                    "start": 12,
                    "end": 19,
                    "body": "a three",
                    "entities": []
                }
            ],
            "traits": [],
            "intent": "GridSystem"
        },
        {
            "text": "Place on A one",
            "entities": [
                {
                    "entity": "grid_location:grid_location",
                    "start": 9,
                    "end": 14,
                    "body": "A one",
                    "entities": []
                }
            ],
            "traits": [],
            "intent": "GridSystem"
        },
        {
            "text": "Place on A two",
            "entities": [],
            "traits": []
        },
        {
            "text": "Place on A1",
            "entities": [
                {
                    "entity": "grid_location:grid_location",
                    "start": 9,
                    "end": 11,
                    "body": "A1",
                    "entities": []
                }
            ],
            "traits": [],
            "intent": "GridSystem"
        },
        {
            "text": "Place on A2",
            "entities": [
                {
                    "entity": "grid_location:grid_location",
                    "start": 9,
                    "end": 11,
                    "body": "A2",
                    "entities": []
                }
            ],
            "traits": [],
            "intent": "GridSystem"
        },
        {
            "text": "Place on B one",
            "entities": [],
            "traits": [],
            "intent": "GridSystem"
        },
        {
            "text": "Place on B one.",
            "entities": [],
            "traits": [],
            "intent": "GridSystem"
        },
        {
            "text": "Place on B three",
            "entities": [
                {
                    "entity": "grid_location:grid_location",
                    "start": 9,
                    "end": 16,
                    "body": "B three",
                    "entities": []
                }
            ],
            "traits": [],
            "intent": "GridSystem"
        },
        {
            "text": "Place on B three.",
            "entities": [
                {
                    "entity": "grid_location:grid_location",
                    "start": 9,
                    "end": 16,
                    "body": "B three",
                    "entities": []
                }
            ],
            "traits": [],
            "intent": "GridSystem"
        },
        {
            "text": "Place on B two",
            "entities": [
                {
                    "entity": "grid_location:grid_location",
                    "start": 9,
                    "end": 14,
                    "body": "B two",
                    "entities": []
                }
            ],
            "traits": [],
            "intent": "GridSystem"
        },
        {
            "text": "Place on B two.",
            "entities": [
                {
                    "entity": "grid_location:grid_location",
                    "start": 9,
                    "end": 14,
                    "body": "B two",
                    "entities": []
                }
            ],
            "traits": [],
            "intent": "GridSystem"
        },
        {
            "text": "Place on B2",
            "entities": [
                {
                    "entity": "grid_location:grid_location",
                    "start": 9,
                    "end": 11,
                    "body": "B2",
                    "entities": []
                }
            ],
            "traits": [],
            "intent": "GridSystem"
        },
        {
            "text": "Place on C 3",
            "entities": [],
            "traits": [],
            "intent": "GridSystem"
        },
        {
            "text": "Place on C one.",
            "entities": [
                {
                    "entity": "grid_location:grid_location",
                    "start": 9,
                    "end": 14,
                    "body": "C one",
                    "entities": []
                }
            ],
            "traits": [],
            "intent": "GridSystem"
        },
        {
            "text": "Place on C three.",
            "entities": [],
            "traits": []
        },
        {
            "text": "Place on C two",
            "entities": [],
            "traits": []
        },
        {
            "text": "Place on C two.",
            "entities": [
                {
                    "entity": "grid_location:grid_location",
                    "start": 11,
                    "end": 14,
                    "body": "two",
                    "entities": []
                }
            ],
            "traits": [],
            "intent": "GridSystem"
        },
        {
            "text": "Place on a one.",
            "entities": [
                {
                    "entity": "grid_location:grid_location",
                    "start": 9,
                    "end": 14,
                    "body": "a one",
                    "entities": []
                }
            ],
            "traits": [],
            "intent": "GridSystem"
        },
        {
            "text": "Place on b 2.",
            "entities": [
                {
                    "entity": "grid_location:grid_location",
                    "start": 9,
                    "end": 12,
                    "body": "b 2",
                    "entities": []
                }
            ],
            "traits": [],
            "intent": "GridSystem"
        },
        {
            "text": "Play set on A1",
            "entities": [
                {
                    "entity": "grid_location:grid_location",
                    "start": 12,
                    "end": 14,
                    "body": "A1",
                    "entities": []
                }
            ],
            "traits": [],
            "intent": "GridSystem"
        },
        {
            "text": "Play some A 3.",
            "entities": [],
            "traits": [],
            "intent": "GridSystem"
        },
        {
            "text": "Play some A three",
            "entities": [],
            "traits": []
        },
        {
            "text": "Play some A three.",
            "entities": [],
            "traits": []
        },
        {
            "text": "Play some B2",
            "entities": [],
            "traits": []
        },
        {
            "text": "Put on A one",
            "entities": [
                {
                    "entity": "grid_location:grid_location",
                    "start": 7,
                    "end": 12,
                    "body": "A one",
                    "entities": []
                }
            ],
            "traits": [],
            "intent": "GridSystem"
        },
        {
            "text": "Put on B 2",
            "entities": [],
            "traits": []
        },
        {
            "text": "Put on B one",
            "entities": [],
            "traits": []
        },
        {
            "text": "Put on B three.",
            "entities": [],
            "traits": []
        },
        {
            "text": "Put on B two",
            "entities": [
                {
                    "entity": "grid_location:grid_location",
                    "start": 7,
                    "end": 12,
                    "body": "B two",
                    "entities": []
                }
            ],
            "traits": [],
            "intent": "GridSystem"
        },
        {
            "text": "Put on B two.",
            "entities": [
                {
                    "entity": "grid_location:grid_location",
                    "start": 7,
                    "end": 12,
                    "body": "B two",
                    "entities": []
                }
            ],
            "traits": [],
            "intent": "GridSystem"
        },
        {
            "text": "Put on B2",
            "entities": [],
            "traits": []
        },
        {
            "text": "Put on B2.",
            "entities": [
                {
                    "entity": "grid_location:grid_location",
                    "start": 7,
                    "end": 9,
                    "body": "B2",
                    "entities": []
                }
            ],
            "traits": [],
            "intent": "GridSystem"
        },
        {
            "text": "Put on B3.",
            "entities": [
                {
                    "entity": "grid_location:grid_location",
                    "start": 7,
                    "end": 9,
                    "body": "B3",
                    "entities": []
                }
            ],
            "traits": [],
            "intent": "GridSystem"
        },
        {
            "text": "Put on C 3.",
            "entities": [],
            "traits": [],
            "intent": "GridSystem"
        },
        {
            "text": "Put on C three.",
            "entities": [],
            "traits": []
        },
        {
            "text": "Put on a 2",
            "entities": [],
            "traits": [],
            "intent": "GridSystem"
        },
        {
            "text": "Put on a 2.",
            "entities": [],
            "traits": []
        },
        {
            "text": "Put on a one",
            "entities": [],
            "traits": []
        },
        {
            "text": "Put on a three.",
            "entities": [
                {
                    "entity": "grid_location:grid_location",
                    "start": 7,
                    "end": 14,
                    "body": "a three",
                    "entities": []
                }
            ],
            "traits": [],
            "intent": "GridSystem"
        },
        {
            "text": "Put on a two",
            "entities": [
                {
                    "entity": "grid_location:grid_location",
                    "start": 9,
                    "end": 12,
                    "body": "two",
                    "entities": []
                }
            ],
            "traits": [],
            "intent": "GridSystem"
        },
        {
            "text": "Put on a two.",
            "entities": [
                {
                    "entity": "grid_location:grid_location",
                    "start": 7,
                    "end": 12,
                    "body": "a two",
                    "entities": []
                }
            ],
            "traits": [],
            "intent": "GridSystem"
        },
        {
            "text": "Put on c one.",
            "entities": [],
            "traits": [],
            "intent": "GridSystem"
        },
        {
            "text": "Said hi",
            "entities": [],
            "traits": [
                {
                    "trait": "wit$greetings",
                    "value": "true"
                }
            ],
            "intent": "Oppy_Action"
        },
        {
            "text": "Say hi",
            "entities": [],
            "traits": [
                {
                    "trait": "wit$greetings",
                    "value": "true"
                }
            ],
            "intent": "Oppy_Action"
        },
        {
            "text": "Teleport me to the meet Oppy",
            "entities": [],
            "traits": [],
            "intent": "Teleport"
        },
        {
            "text": "Teleport me to the meet Oppy.",
            "entities": [
                {
                    "entity": "teleport_location:teleport_location",
                    "start": 24,
                    "end": 28,
                    "body": "Oppy",
                    "entities": []
                }
            ],
            "traits": [],
            "intent": "Teleport"
        },
        {
            "text": "Teleport me to the tic tac toe",
            "entities": [
                {
                    "entity": "teleport_location:teleport_location",
                    "start": 19,
                    "end": 30,
                    "body": "tic tac toe",
                    "entities": []
                }
            ],
            "traits": [],
            "intent": "Teleport"
        },
        {
            "text": "Teleport me to the windweel",
            "entities": [],
            "traits": [],
            "intent": "Teleport"
        },
        {
            "text": "Teleport me to the windweel.",
            "entities": [],
            "traits": [],
            "intent": "Teleport"
        },
        {
            "text": "Teleport to Oppy",
            "entities": [
                {
                    "entity": "teleport_location:teleport_location",
                    "start": 12,
                    "end": 16,
                    "body": "Oppy",
                    "entities": []
                }
            ],
            "traits": [],
            "intent": "Teleport"
        },
        {
            "text": "Teleport to the microphone button",
            "entities": [
                {
                    "entity": "teleport_location:teleport_location",
                    "start": 16,
                    "end": 26,
                    "body": "microphone",
                    "entities": []
                },
                {
                    "entity": "teleport_location:teleport_location",
                    "start": 27,
                    "end": 33,
                    "body": "button",
                    "entities": []
                }
            ],
            "traits": [],
            "intent": "Teleport"
        },
        {
            "text": "Teleport.",
            "entities": [],
            "traits": [],
            "intent": "Teleport"
        },
        {
            "text": "What's the price",
            "entities": [],
            "traits": []
        },
        {
            "text": "Windwheel",
            "entities": [
                {
                    "entity": "teleport_location:teleport_location",
                    "start": 0,
                    "end": 9,
                    "body": "Windwheel",
                    "entities": []
                }
            ],
            "traits": [],
            "intent": "Teleport"
        },
        {
            "text": "change color to red",
            "entities": [],
            "traits": []
        },
        {
            "text": "change shape to circle",
            "entities": [],
            "traits": []
        },
        {
            "text": "change the cube to purple",
            "entities": [],
            "traits": []
        },
        {
            "text": "hHi oppy, jump or hop for me",
            "entities": [
                {
                    "entity": "Action:Action",
                    "start": 10,
                    "end": 14,
                    "body": "jump",
                    "entities": []
                }
            ],
            "traits": [],
            "intent": "Oppy_Action"
        },
        {
            "text": "hello oppy, jump for me",
            "entities": [
                {
                    "entity": "Action:Action",
                    "start": 12,
                    "end": 16,
                    "body": "jump",
                    "entities": []
                }
            ],
            "traits": [
                {
                    "trait": "wit$greetings",
                    "value": "true"
                }
            ],
            "intent": "Oppy_Action"
        },
        {
            "text": "hey oppy, jump for me",
            "entities": [
                {
                    "entity": "Action:Action",
                    "start": 10,
                    "end": 14,
                    "body": "jump",
                    "entities": []
                }
            ],
            "traits": [
                {
                    "trait": "wit$greetings",
                    "value": "true"
                }
            ],
            "intent": "Oppy_Action"
        },
        {
            "text": "hi oppy",
            "entities": [],
            "traits": [
                {
                    "trait": "wit$greetings",
                    "value": "true"
                }
            ],
            "intent": "Oppy_Action"
        },
        {
            "text": "hi oppy, jump for me",
            "entities": [
                {
                    "entity": "Action:Action",
                    "start": 9,
                    "end": 13,
                    "body": "jump",
                    "entities": []
                }
            ],
            "traits": [
                {
                    "trait": "wit$greetings",
                    "value": "true"
                }
            ],
            "intent": "Oppy_Action"
        },
        {
            "text": "hi oppy, jump or hop for me",
            "entities": [
                {
                    "entity": "Action:Action",
                    "start": 9,
                    "end": 13,
                    "body": "jump",
                    "entities": []
                }
            ],
            "traits": [
                {
                    "trait": "wit$greetings",
                    "value": "true"
                }
            ],
            "intent": "Oppy_Action"
        },
        {
            "text": "hop",
            "entities": [
                {
                    "entity": "Action:Action",
                    "start": 0,
                    "end": 3,
                    "body": "hop",
                    "entities": []
                }
            ],
            "traits": [],
            "intent": "Oppy_Action"
        },
        {
            "text": "how are you",
            "entities": [],
            "traits": [
                {
                    "trait": "wit$greetings",
                    "value": "true"
                }
            ],
            "intent": "Oppy_Action"
        },
        {
            "text": "how are you oppy, jump for me",
            "entities": [
                {
                    "entity": "Action:Action",
                    "start": 18,
                    "end": 22,
                    "body": "jump",
                    "entities": []
                }
            ],
            "traits": [],
            "intent": "Oppy_Action"
        },
        {
            "text": "jump",
            "entities": [
                {
                    "entity": "Action:Action",
                    "start": 0,
                    "end": 4,
                    "body": "jump",
                    "entities": []
                }
            ],
            "traits": [],
            "intent": "Oppy_Action"
        },
        {
            "text": "jump for me",
            "entities": [
                {
                    "entity": "Action:Action",
                    "start": 0,
                    "end": 4,
                    "body": "jump",
                    "entities": []
                }
            ],
            "traits": [],
            "intent": "Oppy_Action"
        },
        {
            "text": "make bigger",
            "entities": [],
            "traits": []
        },
        {
            "text": "make the cube red",
            "entities": [],
            "traits": []
        },
        {
            "text": "move closer",
            "entities": [],
            "traits": []
        },
        {
            "text": "place it on C1",
            "entities": [
                {
                    "entity": "grid_location:grid_location",
                    "start": 12,
                    "end": 14,
                    "body": "C1",
                    "entities": []
                }
            ],
            "traits": [],
            "intent": "GridSystem"
        },
        {
            "text": "place on A2",
            "entities": [
                {
                    "entity": "grid_location:grid_location",
                    "start": 9,
                    "end": 11,
                    "body": "A2",
                    "entities": []
                }
            ],
            "traits": [],
            "intent": "GridSystem"
        },
        {
            "text": "put on A2",
            "entities": [
                {
                    "entity": "grid_location:grid_location",
                    "start": 7,
                    "end": 9,
                    "body": "A2",
                    "entities": []
                }
            ],
            "traits": [],
            "intent": "GridSystem"
        },
        {
            "text": "put on c one.",
            "entities": [
                {
                    "entity": "grid_location:grid_location",
                    "start": 7,
                    "end": 12,
                    "body": "c one",
                    "entities": []
                }
            ],
            "traits": [],
            "intent": "GridSystem"
        },
        {
            "text": "rotate object 360",
            "entities": [],
            "traits": []
        },
        {
            "text": "scale it twice bigger",
            "entities": [],
            "traits": []
        },
        {
            "text": "take me to tic tac toe",
            "entities": [
                {
                    "entity": "teleport_location:teleport_location",
                    "start": 11,
                    "end": 22,
                    "body": "tic tac toe",
                    "entities": []
                }
            ],
            "traits": [],
            "intent": "Teleport"
        },
        {
            "text": "teleport me to the meet Oppy",
            "entities": [],
            "traits": [],
            "intent": "Teleport"
        },
        {
            "text": "teleport me to the meet Oppy.",
            "entities": [],
            "traits": [],
            "intent": "Teleport"
        },
        {
            "text": "teleport me to the meet oppy",
            "entities": [
                {
                    "entity": "teleport_location:teleport_location",
                    "start": 19,
                    "end": 28,
                    "body": "meet oppy",
                    "entities": []
                }
            ],
            "traits": [],
            "intent": "Teleport"
        },
        {
            "text": "teleport me to the microphone",
            "entities": [
                {
                    "entity": "teleport_location:teleport_location",
                    "start": 19,
                    "end": 29,
                    "body": "microphone",
                    "entities": []
                }
            ],
            "traits": [],
            "intent": "Teleport"
        },
        {
            "text": "teleport me to the microphone button.",
            "entities": [
                {
                    "entity": "teleport_location:teleport_location",
                    "start": 19,
                    "end": 29,
                    "body": "microphone",
                    "entities": []
                },
                {
                    "entity": "teleport_location:teleport_location",
                    "start": 30,
                    "end": 36,
                    "body": "button",
                    "entities": []
                }
            ],
            "traits": [],
            "intent": "Teleport"
        },
        {
            "text": "teleport me to the tic tac toe",
            "entities": [
                {
                    "entity": "teleport_location:teleport_location",
                    "start": 19,
                    "end": 30,
                    "body": "tic tac toe",
                    "entities": []
                }
            ],
            "traits": [],
            "intent": "Teleport"
        },
        {
            "text": "teleport me to the windwheel",
            "entities": [
                {
                    "entity": "teleport_location:teleport_location",
                    "start": 19,
                    "end": 28,
                    "body": "windwheel",
                    "entities": []
                }
            ],
            "traits": [],
            "intent": "Teleport"
        },
        {
            "text": "the cube should be blue",
            "entities": [],
            "traits": []
        },
        {
            "text": "the cube should be green",
            "entities": [],
            "traits": []
        },
        {
            "text": "the sphere should be red",
            "entities": [],
            "traits": []
        },
        {
            "text": "what's the price",
            "entities": [],
            "traits": []
        },
        {
            "text": "what's up oppy",
            "entities": [],
            "traits": [
                {
                    "trait": "wit$greetings",
                    "value": "true"
                }
            ],
            "intent": "Oppy_Action"
        },
        {
            "text": "what's up oppy, jump for me",
            "entities": [
                {
                    "entity": "Action:Action",
                    "start": 16,
                    "end": 20,
                    "body": "jump",
                    "entities": []
                }
            ],
            "traits": [],
            "intent": "Oppy_Action"
        },
        {
            "text": "where are you oppy",
            "entities": [],
            "traits": [
                {
                    "trait": "wit$greetings",
                    "value": "true"
                }
            ],
            "intent": "Oppy_Action"
        }
    ]
}
