{
    "name": "grid_location",
    "roles": [
        "grid_location"
    ],
    "lookups": [
        "free-text",
        "keywords"
    ],
    "keywords": [
        {
            "keyword": "A1",
            "synonyms": [
                "a 1",
                "a one",
                "a1"
            ]
        },
        {
            "keyword": "A2",
            "synonyms": [
                "a 2",
                "a two",
                "a2"
            ]
        },
        {
            "keyword": "A3",
            "synonyms": [
                "a 3",
                "a three",
                "a3"
            ]
        },
        {
            "keyword": "B1",
            "synonyms": [
                "b 1",
                "b one",
                "b1",
                "be 1",
                "be one"
            ]
        },
        {
            "keyword": "B2",
            "synonyms": [
                "b 2",
                "b two",
                "b2",
                "be 2",
                "be two"
            ]
        },
        {
            "keyword": "B3",
            "synonyms": [
                "b 3",
                "b three",
                "b3"
            ]
        },
        {
            "keyword": "C1",
            "synonyms": [
                "c 1",
                "c one",
                "c1",
                "see 1"
            ]
        },
        {
            "keyword": "C2",
            "synonyms": [
                "c 2",
                "c two",
                "c2",
                "see 2"
            ]
        },
        {
            "keyword": "C3",
            "synonyms": [
                "c 3",
                "c three",
                "c3",
                "see 3"
            ]
        }
    ]
}
