{
    "name": "teleport_location",
    "roles": [
        "teleport_location"
    ],
    "lookups": [
        "free-text",
        "keywords"
    ],
    "keywords": [
        {
            "keyword": "Meet Oppy",
            "synonyms": [
                "3",
                "appy",
                "meet",
                "meet appy",
                "meet oppy",
                "oppy",
                "three"
            ]
        },
        {
            "keyword": "Microphone Button",
            "synonyms": [
                "1",
                "button",
                "mic",
                "microphone",
                "one"
            ]
        },
        {
            "keyword": "Tic Tac Toe",
            "synonyms": [
                "4",
                "circle",
                "cross",
                "four",
                "tac",
                "tac toe",
                "tic",
                "tic tac",
                "tic tac toe",
                "toe"
            ]
        },
        {
            "keyword": "Windwheel",
            "synonyms": [
                "0",
                "Windwheel",
                "wind",
                "windwheel",
                "zero"
            ]
        }
    ]
}
